"Number in Query","Query","Dist","CDR3.alpha.aa","CDR3.beta.aa","Species","Category","Pathology","Pathology.Mesh.ID","Additional.study.details","Antigen.identification.method","Single.cell","NGS","Antigen.protein","Protein.ID","Epitope.peptide","Epitope.ID","MHC","Tissue","T.Cell.Type","T.cell.characteristics","CDR3.alpha.nt","TRAV","TRAJ","TRBV","TRBD","TRBJ","Reconstructed.J.annotation","CDR3.beta.nt","Mouse.strain","PubMed.ID","Remarks"
9,"CAVMIRGGGFKTIF",2,"CAVRGGGFKTIF",NA,"Human","Autoimmune","Diabetes Type 1","D003947",NA,"3","No","No",NA,NA,NA,NA,NA,"Spleen",NA,NA,NA,"TRAV3","TRAJ9",NA,NA,NA,"No",NA,NA,21325620,NA
9,"CAVMIRGGGFKTIF",2,"CAVRGGGFKTIF","CASRPLEDTQYF","Human","Autoimmune","Parkinson disease","D010301",NA,"3","Yes",NA,NA,NA,NA,NA,NA,"CSF","CD8",NA,"GGCCAGGGTTTTCCCAGTCACGACGAAGATGGAAGGTTTACAGCACAGCTCAATAAAGCCAGCCAGTATGTTTCTCTGCTCATCAGAGACTCCCAGCCCAGTGATTCAGCCACCTACCTCTGTGCCGTGAGGGGTGGAGGCTTCAAAACTATCTTTGGAGCAGGAACAAGACTATTTGTTAAAGCAAATATCCAGAACCCTGACCCTGCCGTGTACCAGCTGAGAGACTCTAAAT",NA,"TRAJ9","TRBV2",NA,"TRBJ2-3",NA,"GGCCAGGGTTTTCCCAGTCACGACGCCTGATGGATCAAATTTCACTCTGAAGATCCGGTCCACAAAGCTGGAGGACTCAGCCATGTACTTCTGTGCCAGCAGGCCCTTGGAAGATACGCAGTATTTTGGCCCAGGCACCCGGCTGACAGTGCTCGAGGACCTGAAAAACGTGTTCCCACCCGAGGTCGCTGTGTTTGAGCCATCAGAAGCA",NA,31915375,NA
9,"CAVMIRGGGFKTIF",2,"CAVRGGGFKTIF","CASRPLEDTQYF","Human","Autoimmune","Parkinson disease","D010337",NA,"3","Yes",NA,NA,NA,NA,NA,NA,"CSF","CD8",NA,"GGCCAGGGTTTTCCCAGTCACGACGAAGATGGAAGGTTTACAGCACAGCTCAATAAAGCCAGCCAGTATGTTTCTCTGCTCATCAGAGACTCCCAGCCCAGTGATTCAGCCACCTACCTCTGTGCCGTGAGGGGTGGAGGCTTCAAAACTATCTTTGGAGCAGGAACAAGACTATTTGTTAAAGCAAATATCCAGAACCCTGACCCTGCCGTGTACCAGCTGAGAGACTCTAAAT",NA,"TRAJ9","TRBV2",NA,"TRBJ2-3",NA,"GGCCAGGGTTTTCCCAGTCACGACGCCTGATGGATCAAATTTCACTCTGAAGATCCGGTCCACAAAGCTGGAGGACTCAGCCATGTACTTCTGTGCCAGCAGGCCCTTGGAAGATACGCAGTATTTTGGCCCAGGCACCCGGCTGACAGTGCTCGAGGACCTGAAAAACGTGTTCCCACCCGAGGTCGCTGTGTTTGAGCCATCAGAAGCA",NA,31915375,NA
9,"CAVMIRGGGFKTIF",2,"CAVRGGGFKTIF","CASRPLEDTQYF","Human","Autoimmune","Parkinson disease","D010351",NA,"3","Yes",NA,NA,NA,NA,NA,NA,"CSF","CD8",NA,"TGCCAGGGTTTTCCCAGTCACGACGAAGATGGAAGGTTTACAGCACAGCTCAATAAAGCCAGCCAGTATGTTTCTCTGCTCATCAGAGACTCCCAGCCCAGTGATTCAGCCACCTACCTCTGTGCCGTGAGGGGTGGAGGCTTCAAAACTATCTTTGGAGCAGGAACAAGACTATTTGTTAAAGCAAATATCCAGAACCCTGACCCTGCCGTGTACCAGCTGAGAGACTCTAAAT",NA,"TRAJ9","TRBV2",NA,"TRBJ2-3",NA,"TGCCAGGGTTTTCCCAGTCACGACGCCTGATGGATCAAATTTCACTCTGAAGATCCGGTCCACAAAGCTGGAGGACTCAGCCATGTACTTCTGTGCCAGCAGGCCCTTGGAAGATACGCAGTATTTTGGCCCAGGCACCCGGCTGACAGTGCTCGAGGACCTGAAAAACGTGTTCCCACCCGAGGTCGCTGTGTTTGAGCCATCAGAAGCA",NA,31915375,NA
15,"CATDEEASGSRLTF",2,"CATEETSGSRLTF",NA,"Human","Pathogens","Influenza","D009980",NA,"1","Yes","Yes","Matrix protein (M1)","P03485","GILGFVFTL","20354","HLA-A2","PBMC","CD8",NA,NA,"TRAV29/DV5","TRAJ43",NA,NA,NA,"No",NA,NA,28423320,NA
18,"CAVRRLGSTDKLIF",2,"CAVRMLGTDKLIF","CASSLRTENTEAFF","Human","Pathogens","M.Tuberculosis","D009169",NA,"2.2","Yes","Yes",NA,NA,NA,NA,NA,"PBMC","CD4",NA,NA,"TRAV21","TRAJ34","TRBV19",NA,"TRBJ1-1",NA,NA,NA,32341563,NA
21,"CALSESTGSYIPTF",2,"CALSISGGSYIPTF","CASSFRQGEQETQYF","Human","Autoimmune","Diabetes Type 1","D003922",NA,"1","Yes","Yes",NA,NA,NA,NA,NA,"Pancreatic islets","CD4",NA,NA,"TRAV9-2","TRAJ6","TRBV5-1",NA,"TRBJ2-5","No",NA,NA,27920090,NA
21,"CALSESTGSYIPTF",2,"CALSASGGSYIPTF","CASSALTGSNTEAFF","Human","Pathogens","M.Tuberculosis","D009169",NA,"2.2","Yes","Yes",NA,NA,NA,NA,NA,"PBMC","CD4",NA,NA,"TRAV9-1","TRAJ6","TRBV11-2",NA,"TRBJ1-1",NA,NA,NA,32341563,NA
21,"CALSESTGSYIPTF",2,"CALSASGGSYIPTF","CASSALTGSNTEAFF","Human","Pathogens","M.Tuberculosis","D009169",NA,"2.2","Yes","Yes",NA,NA,NA,NA,NA,"PBMC","CD4",NA,NA,"TRAV9-1","TRAJ6","TRBV11-2",NA,"TRBJ1-1",NA,NA,NA,32341563,NA
27,"CALSEALTNTPLVF",2,"CALSEAEGNTPLVF","CASSVGGGSNQPQHF","Human","Cancer","Neoantigen","C050269",NA,"1","Yes","No","ATP6AP1-KLG-G3W","Q15904","KLWASPLHV","606794","HLA-A2",NA,NA,NA,NA,"TRAV19",NA,"TRBV9",NA,NA,NA,NA,NA,30418433,NA
27,"CALSEALTNTPLVF",2,"CALSEAWGNTPLVF",NA,"Human","Allergy","Toxic epidermal necrolysis","D013262",NA,"4","No","Yes",NA,NA,NA,NA,NA,"Blisters","CD8",NA,"AGCCTCACAAGTCGTGGACTCAGCAGTATACTTCTGTGCTCTGAGTGAGGCGTGGGGAAACACACCTCTTGTCTTTGGAAAG","TRAV19","TRAJ29-01*01",NA,NA,NA,NA,NA,NA,33741590,NA
27,"CALSEALTNTPLVF",2,"CALSEAWGNTPLVF",NA,"Human","Allergy","Toxic epidermal necrolysis","D013262",NA,"4","No","Yes",NA,NA,NA,NA,NA,"Blisters","CD8",NA,"AGCCTCACAAGTCGTGGACTCAGCAGTATACTTCTGTGCTCTGAGTGAGGCGTGGGGAAACACACCTCTTGTCTTTGGAAAG","TRAV19","TRAJ29-01*01",NA,NA,NA,NA,NA,NA,33741590,NA
28,"CALSEALTNTPLVF",2,"CALSEAEGNTPLVF","CASSVGGGSNQPQHF","Human","Cancer","Neoantigen","C050269",NA,"1","Yes","No","ATP6AP1-KLG-G3W","Q15904","KLWASPLHV","606794","HLA-A2",NA,NA,NA,NA,"TRAV19",NA,"TRBV9",NA,NA,NA,NA,NA,30418433,NA
28,"CALSEALTNTPLVF",2,"CALSEAWGNTPLVF",NA,"Human","Allergy","Toxic epidermal necrolysis","D013262",NA,"4","No","Yes",NA,NA,NA,NA,NA,"Blisters","CD8",NA,"AGCCTCACAAGTCGTGGACTCAGCAGTATACTTCTGTGCTCTGAGTGAGGCGTGGGGAAACACACCTCTTGTCTTTGGAAAG","TRAV19","TRAJ29-01*01",NA,NA,NA,NA,NA,NA,33741590,NA
28,"CALSEALTNTPLVF",2,"CALSEAWGNTPLVF",NA,"Human","Allergy","Toxic epidermal necrolysis","D013262",NA,"4","No","Yes",NA,NA,NA,NA,NA,"Blisters","CD8",NA,"AGCCTCACAAGTCGTGGACTCAGCAGTATACTTCTGTGCTCTGAGTGAGGCGTGGGGAAACACACCTCTTGTCTTTGGAAAG","TRAV19","TRAJ29-01*01",NA,NA,NA,NA,NA,NA,33741590,NA
29,"CAVEDLGAGTALIF",2,"CAVSDGAGTALIF","CSALRPDREWEQFF","Human","Pathogens","M.Tuberculosis","D009169",NA,"2.2","Yes","Yes",NA,NA,NA,NA,NA,"PBMC","CD4",NA,NA,"TRAV8-6","TRAJ15","TRBV20-1",NA,"TRBJ2-1",NA,NA,NA,32341563,NA
31,"CALSTIAGNEKLTF",2,"CALSTFGNEKLTF","CASSHPWGAPFNEKLFF","Human","Pathogens","M.Tuberculosis","D009169",NA,"2.2","Yes","Yes",NA,NA,NA,NA,NA,"PBMC","CD4",NA,NA,"TRAV19","TRAJ48","TRBV4-1",NA,"TRBJ1-4",NA,NA,NA,32341563,NA
32,"CAASTLAGNEKLTF",2,"CAASVLGNEKLTF","CASRGLAKNIQYF","Human","Pathogens","M.Tuberculosis","D009169",NA,"2.2","Yes","Yes",NA,NA,NA,NA,NA,"PBMC","CD4",NA,NA,"TRAV29/DV5","TRAJ48","TRBV5-1",NA,"TRBJ2-4",NA,NA,NA,32341563,NA
33,"CAAPLRSTLGRLYF",2,"CAPLGSTLGRLYF","CASSQYRLFRGTYTGELFF","Human","Pathogens","M.Tuberculosis","D009169",NA,"2.2","Yes","Yes",NA,NA,NA,NA,NA,"PBMC","CD4",NA,NA,"TRAV8-6","TRAJ18","TRBV4-1",NA,"TRBJ2-2",NA,NA,NA,32341563,NA
34,"CALPLRSTLGRLYF",2,"CAPLGSTLGRLYF","CASSQYRLFRGTYTGELFF","Human","Pathogens","M.Tuberculosis","D009169",NA,"2.2","Yes","Yes",NA,NA,NA,NA,NA,"PBMC","CD4",NA,NA,"TRAV8-6","TRAJ18","TRBV4-1",NA,"TRBJ2-2",NA,NA,NA,32341563,NA
37,"CAVGAVVSNYQLIW",2,"CAVGAEDSNYQLIW","CASSYSWGEQFF","Human","Cancer","Neoantigen","C050269",NA,"1","Yes","No","FNDC3B-VVL-L3M","Q53EP0","VVMSWAPPV",NA,"HLA-A2",NA,NA,NA,NA,"TRAV12-2",NA,"TRBV6-2,6-3",NA,NA,NA,NA,NA,30418433,NA
37,"CAVGAVVSNYQLIW",2,"CAVGAGSNYQLIW","CASSLEGQGASEQFF","Human","Autoimmune","Celiac disease","D002503",NA,"2.1","Yes","Yes","DQ2-a-I",NA,"PFPQPELPY","47539",NA,"Small intestine","CD4",NA,NA,"TRAV9-1","TRAJ33-1","TRBV5-5*01","TRBD2*01","TRBJ2-1",NA,NA,NA,24777060,NA
38,"CVVGAVVSNYQLIW",2,"CVVGANSNYQLIW",NA,"Mouse","Autoimmune","Experimental autoimmune encephalomyelitis (EAE)","D004681",NA,"2.1","No","Yes","MOG","Q61885","MEVGWYRSPFSRVVHLYRNGK","113645",NA,"PBMC","CD4","Foxp3+",NA,NA,"TRAJ33",NA,NA,NA,"No",NA,"C57BL/6J (B6)",27183575,NA
41,"CAYIGWGGGNKLTF",2,"CAVIGGGGNKLTF","CASSLVAGEENEQFF","Human","Pathogens","M.Tuberculosis","D009169",NA,"2.2","Yes","Yes",NA,NA,NA,NA,NA,"PBMC","CD4",NA,NA,"TRAV8-4","TRAJ10","TRBV5-1",NA,"TRBJ2-1",NA,NA,NA,32341563,NA
44,"CALSDWVAAGNKLTF",2,"CALSDKAAGNKLTF","CASRRTGEGAFF","Human","Pathogens","M.Tuberculosis","D009169",NA,"2.2","Yes","Yes",NA,NA,NA,NA,NA,"PBMC","CD4",NA,NA,"TRAV9-1","TRAJ17","TRBV6-5",NA,"TRBJ1-1",NA,NA,NA,32341563,NA
44,"CALSDWVAAGNKLTF",2,"CALSDKAAGNKLTF","CASRRTGEGAFF","Human","Pathogens","M.Tuberculosis","D009169",NA,"2.2","Yes","Yes",NA,NA,NA,NA,NA,"PBMC","CD4",NA,NA,"TRAV9-1","TRAJ17","TRBV6-5",NA,"TRBJ1-1",NA,NA,NA,32341563,NA
47,"CAAPLPRNQFYF",2,"CAAPLSGNQFYF","CASSIARQTEAFF","Human","Pathogens","M.Tuberculosis","D009169",NA,"2.2","Yes","Yes",NA,NA,NA,NA,NA,"PBMC","CD4",NA,NA,"TRAV41","TRAJ49","TRBV19",NA,"TRBJ1-1",NA,NA,NA,32341563,NA
49,"CAVRRSADKLIF",2,"CAVSADKLIF",NA,"Human","Cancer","Neoantigen","C050269",NA,"1","Yes","No","OR5M3-KMV",NA,"KMVAVFYTT",NA,"HLA-A2",NA,NA,NA,NA,NA,NA,NA,NA,NA,NA,NA,NA,30418433,NA
49,"CAVRRSADKLIF",2,"CAVRRNTDKLIF","CSDRGTGGYTF","Human","Pathogens","M.Tuberculosis","D009169",NA,"2.2","Yes","Yes",NA,NA,NA,NA,NA,"PBMC","CD4",NA,NA,"TRAV21","TRAJ34","TRBV29-1",NA,"TRBJ1-2",NA,NA,NA,32341563,NA
49,"CAVRRSADKLIF",2,"CAVRSDKLIF","CSARDDRTGAEAFF","Human","Pathogens","M.Tuberculosis","D009169",NA,"2.2","Yes","Yes",NA,NA,NA,NA,NA,"PBMC","CD4",NA,NA,"TRAV21","TRAJ34","TRBV20-1",NA,"TRBJ1-1",NA,NA,NA,32341563,NA
50,"CAVRRTADKLIF",2,"CAVRRNTDKLIF","CSDRGTGGYTF","Human","Pathogens","M.Tuberculosis","D009169",NA,"2.2","Yes","Yes",NA,NA,NA,NA,NA,"PBMC","CD4",NA,NA,"TRAV21","TRAJ34","TRBV29-1",NA,"TRBJ1-2",NA,NA,NA,32341563,NA
55,"CAVRPLDNQFYF",2,"CAVRPGNQFYF","CSAPTGTGELFF","Human","Pathogens","M.Tuberculosis","D009169",NA,"2.2","Yes","Yes",NA,NA,NA,NA,NA,"PBMC","CD4",NA,NA,"TRAV8-6","TRAJ49","TRBV29-1",NA,"TRBJ2-2",NA,NA,NA,32341563,NA
57,"CAVSPGGTPLVF",2,"CAVSGNTPLVF","CASSLGLLGSSYNEQFF","Human","Autoimmune","Diabetes Type 1","D003922",NA,"1","Yes","Yes",NA,NA,NA,NA,NA,"Pancreatic islets","CD4",NA,NA,"TRAV12-2","TRAJ29","TRBV13",NA,"TRBJ2-1","No",NA,NA,27920090,NA
57,"CAVSPGGTPLVF",2,"CAVSEGGNTPLVF","CASSLGTGASYTF","Human","Autoimmune","Parkinson disease","D010403",NA,"3","Yes",NA,NA,NA,NA,NA,NA,"CSF","CD8",NA,"ATCCAGGGTTTTCCCAGTCACGACGCATCAACGGTTTTGAGGCTGAATTTAAGAAGAGTGAAACCTCCTTCCACCTGACGAAACCCTCAGCCCATATGAGCGACGCGGCTGAGTACTTCTGTGCTGTGAGTGAAGGGGGAAACACACCTCTTGTCTTTGGAAAGGGCACAAGACTTTCTGTGATTGCAAATATCCAGAACCCTGACCCTGCCGTGTACCAGCTGAGAGACTCTAAAT",NA,"TRAJ29","TRBV11-2",NA,"TRBJ1-2",NA,"ATCCAGGGTTTTCCCAGTCACGACGCAGAGAGGCTCAAAGGAGTAGACTCCACTCTCAAGATCCAGCCTGCAAAGCTTGAGGACTCGGCCGTGTATCTCTGTGCCAGCAGCTTGGGGACAGGGGCTAGCTACACCTTCGGTTCGGGGACCAGGTTAACCGTTGTAGAGGACCTGAACAAGGTGTTCCCACCCGAGGTCGCTGTGTTTGAGCCATCAGAAGCA",NA,31915375,NA
57,"CAVSPGGTPLVF",2,"CAVSEGGNTPLVF","CASSLGTGASYTF","Human","Autoimmune","Parkinson disease","D010466",NA,"3","Yes",NA,NA,NA,NA,NA,NA,"CSF","CD8",NA,"ATCCAGGGTTTTCCCAGTCACGACGCATCAACGGTTTTGAGGCTGAATTTAAGAAGAGTGAAACCTCCTTCCACCTGACGAAACCCTCAGCCCATATGAGCGACGCGGCTGAGTACTTCTGTGCTGTGAGTGAAGGGGGAAACACACCTCTTGTCTTTGGAAAGGGCACAAGACTTTCTGTGATTGCAAATATCCAGAACCCTGACCCTGCCGTGTACCAGCTGAGAGACTCTAAAT","TRAV38-1","TRAJ29","TRBV11-2",NA,"TRBJ1-2",NA,"ATCCAGGGTTTTCCCAGTCACGACGCAGAGAGGCTCAAAGGAGTAGACTCCACTCTCAAGATCCAGCCTGCAAAGCTTGAGGACTCGGCCGTGTATCTCTGTGCCAGCAGCTTGGGGACAGGGGCTAGCTACACCTTCGGTTCGGGGACCAGGTTAACCGTTGTAGAGGACCTGAACAAGGTGTTCCCACCCGAGGTCGCTGTGTTTGAGCCATCAGAAGCA",NA,31915375,NA
60,"CAMCGGGFKTIF",2,"CAVRGGGFKTIF",NA,"Human","Autoimmune","Diabetes Type 1","D003947",NA,"3","No","No",NA,NA,NA,NA,NA,"Spleen",NA,NA,NA,"TRAV3","TRAJ9",NA,NA,NA,"No",NA,NA,21325620,NA
60,"CAMCGGGFKTIF",2,"CALSGGGFKTIF",NA,"Human","Pathogens","Influenza","D009980",NA,"1","Yes","Yes","Matrix protein (M1)","P03485","GILGFVFTL","20354","HLA-A2","PBMC","CD8",NA,NA,"TRAV27","TRAJ44",NA,NA,NA,"No",NA,NA,28423320,NA
60,"CAMCGGGFKTIF",2,"CAVRGGGFKTIF","CASRPLEDTQYF","Human","Autoimmune","Parkinson disease","D010301",NA,"3","Yes",NA,NA,NA,NA,NA,NA,"CSF","CD8",NA,"GGCCAGGGTTTTCCCAGTCACGACGAAGATGGAAGGTTTACAGCACAGCTCAATAAAGCCAGCCAGTATGTTTCTCTGCTCATCAGAGACTCCCAGCCCAGTGATTCAGCCACCTACCTCTGTGCCGTGAGGGGTGGAGGCTTCAAAACTATCTTTGGAGCAGGAACAAGACTATTTGTTAAAGCAAATATCCAGAACCCTGACCCTGCCGTGTACCAGCTGAGAGACTCTAAAT",NA,"TRAJ9","TRBV2",NA,"TRBJ2-3",NA,"GGCCAGGGTTTTCCCAGTCACGACGCCTGATGGATCAAATTTCACTCTGAAGATCCGGTCCACAAAGCTGGAGGACTCAGCCATGTACTTCTGTGCCAGCAGGCCCTTGGAAGATACGCAGTATTTTGGCCCAGGCACCCGGCTGACAGTGCTCGAGGACCTGAAAAACGTGTTCCCACCCGAGGTCGCTGTGTTTGAGCCATCAGAAGCA",NA,31915375,NA
60,"CAMCGGGFKTIF",2,"CAVRGGGFKTIF","CASRPLEDTQYF","Human","Autoimmune","Parkinson disease","D010337",NA,"3","Yes",NA,NA,NA,NA,NA,NA,"CSF","CD8",NA,"GGCCAGGGTTTTCCCAGTCACGACGAAGATGGAAGGTTTACAGCACAGCTCAATAAAGCCAGCCAGTATGTTTCTCTGCTCATCAGAGACTCCCAGCCCAGTGATTCAGCCACCTACCTCTGTGCCGTGAGGGGTGGAGGCTTCAAAACTATCTTTGGAGCAGGAACAAGACTATTTGTTAAAGCAAATATCCAGAACCCTGACCCTGCCGTGTACCAGCTGAGAGACTCTAAAT",NA,"TRAJ9","TRBV2",NA,"TRBJ2-3",NA,"GGCCAGGGTTTTCCCAGTCACGACGCCTGATGGATCAAATTTCACTCTGAAGATCCGGTCCACAAAGCTGGAGGACTCAGCCATGTACTTCTGTGCCAGCAGGCCCTTGGAAGATACGCAGTATTTTGGCCCAGGCACCCGGCTGACAGTGCTCGAGGACCTGAAAAACGTGTTCCCACCCGAGGTCGCTGTGTTTGAGCCATCAGAAGCA",NA,31915375,NA
60,"CAMCGGGFKTIF",2,"CAVRGGGFKTIF","CASRPLEDTQYF","Human","Autoimmune","Parkinson disease","D010351",NA,"3","Yes",NA,NA,NA,NA,NA,NA,"CSF","CD8",NA,"TGCCAGGGTTTTCCCAGTCACGACGAAGATGGAAGGTTTACAGCACAGCTCAATAAAGCCAGCCAGTATGTTTCTCTGCTCATCAGAGACTCCCAGCCCAGTGATTCAGCCACCTACCTCTGTGCCGTGAGGGGTGGAGGCTTCAAAACTATCTTTGGAGCAGGAACAAGACTATTTGTTAAAGCAAATATCCAGAACCCTGACCCTGCCGTGTACCAGCTGAGAGACTCTAAAT",NA,"TRAJ9","TRBV2",NA,"TRBJ2-3",NA,"TGCCAGGGTTTTCCCAGTCACGACGCCTGATGGATCAAATTTCACTCTGAAGATCCGGTCCACAAAGCTGGAGGACTCAGCCATGTACTTCTGTGCCAGCAGGCCCTTGGAAGATACGCAGTATTTTGGCCCAGGCACCCGGCTGACAGTGCTCGAGGACCTGAAAAACGTGTTCCCACCCGAGGTCGCTGTGTTTGAGCCATCAGAAGCA",NA,31915375,NA
60,"CAMCGGGFKTIF",2,"CAMSDGGFKTIF","CSVELGAPGELFF","Human","Pathogens","M.Tuberculosis","D009169",NA,"2.2","Yes","Yes",NA,NA,NA,NA,NA,"PBMC","CD4",NA,NA,"TRAV12-3","TRAJ9","TRBV29-1",NA,"TRBJ2-2",NA,NA,NA,32341563,NA
60,"CAMCGGGFKTIF",2,"CAMSTGGFKTIF",NA,"Human","Autoimmune","Celiac disease","D002446",NA,"1","Yes","Yes","DQ2.5-glia-?2",NA,NA,NA,NA,"PBMC","CD4",NA,NA,"TRAV26-1","TRAJ26",NA,NA,NA,NA,NA,NA,33927715,NA
61,"CAVCGGGFKTIF",2,"CAVNTGGFKTIF","CASSTGQGWGSF","Human","Cancer","Melanoma","D008545",NA,"2.4","No","No","Melan-A/MART-1","Q16655","EAAGIGILTV","10987","HLA-A*02","Tumor Tissue",NA,NA,"TGTGCCGTGAATACTGGAGGCTTCAAAACTATCTTTGGAGCAGGAACAAGACTATTTGTTAAAGCAAATATCCAG","TRAV2","TRAJ9",NA,NA,NA,"No","TGTGCCAGCAGCACGGGACAGGGGTGGGGCTCCTTCGGTTCGGGGACCAGGTTAACCGTTGTAGAGGACCTG",NA,7777568,NA
61,"CAVCGGGFKTIF",1,"CAVRGGGFKTIF",NA,"Human","Autoimmune","Diabetes Type 1","D003947",NA,"3","No","No",NA,NA,NA,NA,NA,"Spleen",NA,NA,NA,"TRAV3","TRAJ9",NA,NA,NA,"No",NA,NA,21325620,NA
61,"CAVCGGGFKTIF",2,"CALSGGGFKTIF",NA,"Human","Pathogens","Influenza","D009980",NA,"1","Yes","Yes","Matrix protein (M1)","P03485","GILGFVFTL","20354","HLA-A2","PBMC","CD8",NA,NA,"TRAV27","TRAJ44",NA,NA,NA,"No",NA,NA,28423320,NA
61,"CAVCGGGFKTIF",2,"CAVMTGGFKTIF","CASSYGGGYEQYF","Human","Cancer","Neoantigen","C050269",NA,"1","Yes",NA,"GNL3L-R4C","Q9NVN8","NLNCCSVPV",NA,"HLA-A2",NA,NA,NA,NA,NA,NA,"TRBV6-5",NA,NA,NA,NA,NA,30418433,NA
61,"CAVCGGGFKTIF",2,"CAVYTGGFKTIF","CASSFGGSSYEQYF","Human","Cancer","Neoantigen","C050269",NA,"1","Yes",NA,"FNDC3B","Q53EP0","VVLSWAPPV",NA,"HLA-A2",NA,NA,NA,NA,"TRAV12-3",NA,"TRBV12-3,12-4",NA,NA,NA,NA,NA,30418433,NA
61,"CAVCGGGFKTIF",2,"CAVNPGGFKTIF","CASSYSSGTEAFF","Human","Cancer","Neoantigen","C050269",NA,"1","Yes",NA,"GANAB","Q14697","ALYGSVPVL","614093","HLA-A2",NA,NA,NA,NA,"TRAV-2",NA,"TRBV6-2,6-3",NA,NA,NA,NA,NA,30418433,NA
61,"CAVCGGGFKTIF",2,"CAVSPGGFKTIF",NA,"Human","Cancer","Neoantigen","C050269",NA,"1","Yes",NA,"GANAB","Q14697","ALYGSVPVL","614093","HLA-A2",NA,NA,NA,NA,NA,NA,NA,NA,NA,NA,NA,NA,30418433,NA
61,"CAVCGGGFKTIF",2,"CAVVSGGFKTIF","CATSFPPGGLNGYTF","Human","Autoimmune","Alzheimer's disease","D000544",NA,"3","Yes",NA,NA,NA,NA,NA,NA,"CSF","CD8","effector memory CD45RA+ ","AGCCAGGGTTTTCCCAGTCACGACACGACTGTCGCTACGGAACGCTACAGCTTATTGTACATTTCCTCTTCCCAGACCACAGACTCAGGCGTTTATTTCTGTGCTGTGGTTTCTGGAGGCTTCAAAACTATCTTTGGAGCAGGAACAAGACTATTTGTTAAAGCAAATATCCAGAAGCCTGACCCTGCCGTGTACCAGCTGAGAGACTCTAAAT","mTRDV2-2","TRAJ9","TRBV15",NA,"TRBJ1-2",NA,"AGCCAGGGTTTTCCCAGTCACGACGATAACTTCCAATCCAGGAGGCCGAACACTTCTTTCTGCTTTCTTGACATCCGCTCACCAGGCCTGGGGGACGCAGCCATGTACCTGTGTGCCACCAGCTTCCCGCCCGGAGGGCTAAATGGCTACACCTTCGGTTCGGGGACCAGGTTAACCGTTGTAGAGGACCTGAACAAGGTGTTCCCACCCGAGGTCGCTGTGTTTGAGCCATCAGAAGCA",NA,31915375,NA
61,"CAVCGGGFKTIF",2,"CAVVSGGFKTIF","CATSFPPGGLNGYTF","Human","Autoimmune","Alzheimer's disease","D000544",NA,"3","Yes",NA,NA,NA,NA,NA,NA,"CSF","CD8","effector memory CD45RA+ ","ACCCAGGGTTTTCCCAGTCACGACACGACTGTCGCTACGGAACGCTACAGCTTATTGTACATTTCCTCTTCCCAGACCACAGACTCAGGCGTTTATTTCTGTGCTGTGGTTTCTGGAGGCTTCAAAACTATCTTTGGAGCAGGAACAAGACTATTTGTTAAAGCAAATATCCAGAAGCCTGACCCTGCCGTGTACCAGCTGAGAGACTCTAAAT","TRAV12-1","TRAJ9","TRBV15",NA,"TRBJ1-2",NA,"ACCCAGGGTTTTCCCAGTCACGACGATAACTTCCAATCCAGGAGGCCGAACACTTCTTTCTGCTTTCTTGACATCCGCTCACCAGGCCTGGGGGACGCAGCCATGTACCTGTGTGCCACCAGCTTCCCGCCCGGAGGGCTAAATGGCTACACCTTCGGTTCGGGGACCAGGTTAACCGTTGTAGAGGACCTGAACAAGGTGTTCCCACCCGAGGTCGCTGTGTTTGAGCCATCAGAAGCA",NA,31915375,NA
61,"CAVCGGGFKTIF",2,"CAVVSGGFKTIF",NA,"Human","Autoimmune","Alzheimer's disease","D000544",NA,"3","Yes",NA,NA,NA,NA,NA,NA,"CSF","CD8","effector memory CD45RA+ ","CTCCAGGGTTTTCCCAGTCACGACACGACTGTCGCTACGGAACGCTACAGCTTATTGTACATTTCCTCTTCCCAGACCACAGACTCAGGCGTTTATTTCTGTGCTGTGGTTTCTGGAGGCTTCAAAACTATCTTTGGAGCAGGAACAAGACTATTTGTTAAAGCAAATATCCAGAAGCCTGACCCTGCCGTGTACCAGCTGAGAGACTCTAAAT","TRAV12-2","TRAJ9",NA,NA,NA,NA,NA,NA,31915375,NA
61,"CAVCGGGFKTIF",2,"CAVVSGGFKTIF","CATSFPPGGLNGYTF","Human","Autoimmune","Alzheimer's disease","D000544",NA,"3","Yes",NA,NA,NA,NA,NA,NA,"CSF","CD8","effector memory CD45RA+ ","TGCCAGGGTTTTCCCAGTCACGACACGACTGTCGCTACGGAACGCTACAGCTTATTGTACATTTCCTCTTCCCAGACCACAGACTCAGGCGTTTATTTCTGTGCTGTGGTTTCTGGAGGCTTCAAAACTATCTTTGGAGCAGGAACAAGACTATTTGTTAAAGCAAATATCCAGAAGCCTGACCCTGCCGTGTACCAGCTGAGAGACTCTAAAT","TRAV13-2","TRAJ9","TRBV15",NA,"TRBJ1-2",NA,"TGCCAGGGTTTTCCCAGTCACGACGATAACTTCCAATCCAGGAGGCCGAACACTTCTTTCTGCTTTCTTGACATCCGCTCACCAGGCCTGGGGGACGCAGCCATGTACCTGTGTGCCACCAGCTTCCCGCCCGGAGGGCTAAATGGCTACACCTTCGGTTCGGGGACCAGGTTAACCGTTGTAGAGGACCTGAACAAGGTGTTCCCACCCGAGGTCGCTGTGTTTGAGCCATCAGAAGCA",NA,31915375,NA
61,"CAVCGGGFKTIF",2,"CAVVSGGFKTIF","CATSFPPGGLNGYTF","Human","Autoimmune","Alzheimer's disease","D000544",NA,"3","Yes",NA,NA,NA,NA,NA,NA,"CSF","CD8","effector memory CD45RA+ ","AGCCAGGGTTTTCCCAGTCACGACACGACTGTCGCTACGGAACGCTACAGCTTATTGTACATTTCCTCTTCCCAGACCACAGACTCAGGCGTTTATTTCTGTGCTGTGGTTTCTGGAGGCTTCAAAACTATCTTTGGAGCAGGAACAAGACTATTTGTTAAAGCAAATATCCAGAAGCCTGACCCTGCCGTGTACCAGCTGAGAGACTCTAAAT","TRAV26-1","TRAJ9","TRBV15",NA,"TRBJ1-2",NA,"AGCCAGGGTTTTCCCAGTCACGACGATAACTTCCAATCCAGGAGGCCGAACACTTCTTTCTGCTTTCTTGACATCCGCTCACCAGGCCTGGGGGACGCAGCCATGTACCTGTGTGCCACCAGCTTCCCGCCCGGAGGGCTAAATGGCTACACCTTCGGTTCGGGGACCAGGTTAACCGTTGTAGAGGACCTGAACAAGGTGTTCCCACCCGAGGTCGCTGTGTTTGAGCCATCAGAAGCA",NA,31915375,NA
61,"CAVCGGGFKTIF",2,"CAVVSGGFKTIF",NA,"Human","Autoimmune","Alzheimer's disease","D000544",NA,"3","Yes",NA,NA,NA,NA,NA,NA,"CSF","CD8","effector memory CD45RA+ ","CTCCAGGGTTTTCCCAGTCACGACACGACTGTCGCTACGGAACGCTACAGCTTATTGTACATTTCCTCTTCCCAGACCACAGACTCAGGCGTTTATTTCTGTGCTGTGGTTTCTGGAGGCTTCAAAACTATCTTTGGAGCAGGAACAAGACTATTTGTTAAAGCAAATATCCAGAAGCCTGACCCTGCCGTGTACCAGCTGAGAGACTCTAAAT","TRAV12-2","TRAJ9",NA,NA,NA,NA,NA,NA,31915375,NA
61,"CAVCGGGFKTIF",2,"CAVVSGGFKTIF","CATSFPPGGLNGYTF","Human","Autoimmune","Alzheimer's disease","D000544",NA,"3","Yes",NA,NA,NA,NA,NA,NA,"CSF","CD8","effector memory CD45RA+ ","ATCCAGGGTTTTCCCAGTCACGACACGACTGTCGCTACGGAACGCTACAGCTTATTGTACATTTCCTCTTCCCAGACCACAGACTCAGGCGTTTATTTCTGTGCTGTGGTTTCTGGAGGCTTCAAAACTATCTTTGGAGCAGGAACAAGACTATTTGTTAAAGCAAATATCCAGAAGCCTGACCCTGCCGTGTACCAGCTGAGAGACTCTAAAT",NA,"TRAJ9","TRBV15",NA,"TRBJ1-2",NA,"ATCCAGGGTTTTCCCAGTCACGACGATAACTTCCAATCCAGGAGGCCGAACACTTCTTTCTGCTTTCTTGACATCCGCTCACCAGGCCTGGGGGACGCAGCCATGTACCTGTGTGCCACCAGCTTCCCGCCCGGAGGGCTAAATGGCTACACCTTCGGTTCGGGGACCAGGTTAACCGTTGTAGAGGACCTGAACAAGGTGTTCCCACCCGAGGTCGCTGTGTTTGAGCCATCAGAAGCA",NA,31915375,NA
61,"CAVCGGGFKTIF",1,"CAVRGGGFKTIF","CASRPLEDTQYF","Human","Autoimmune","Parkinson disease","D010301",NA,"3","Yes",NA,NA,NA,NA,NA,NA,"CSF","CD8",NA,"GGCCAGGGTTTTCCCAGTCACGACGAAGATGGAAGGTTTACAGCACAGCTCAATAAAGCCAGCCAGTATGTTTCTCTGCTCATCAGAGACTCCCAGCCCAGTGATTCAGCCACCTACCTCTGTGCCGTGAGGGGTGGAGGCTTCAAAACTATCTTTGGAGCAGGAACAAGACTATTTGTTAAAGCAAATATCCAGAACCCTGACCCTGCCGTGTACCAGCTGAGAGACTCTAAAT",NA,"TRAJ9","TRBV2",NA,"TRBJ2-3",NA,"GGCCAGGGTTTTCCCAGTCACGACGCCTGATGGATCAAATTTCACTCTGAAGATCCGGTCCACAAAGCTGGAGGACTCAGCCATGTACTTCTGTGCCAGCAGGCCCTTGGAAGATACGCAGTATTTTGGCCCAGGCACCCGGCTGACAGTGCTCGAGGACCTGAAAAACGTGTTCCCACCCGAGGTCGCTGTGTTTGAGCCATCAGAAGCA",NA,31915375,NA
61,"CAVCGGGFKTIF",1,"CAVRGGGFKTIF","CASRPLEDTQYF","Human","Autoimmune","Parkinson disease","D010337",NA,"3","Yes",NA,NA,NA,NA,NA,NA,"CSF","CD8",NA,"GGCCAGGGTTTTCCCAGTCACGACGAAGATGGAAGGTTTACAGCACAGCTCAATAAAGCCAGCCAGTATGTTTCTCTGCTCATCAGAGACTCCCAGCCCAGTGATTCAGCCACCTACCTCTGTGCCGTGAGGGGTGGAGGCTTCAAAACTATCTTTGGAGCAGGAACAAGACTATTTGTTAAAGCAAATATCCAGAACCCTGACCCTGCCGTGTACCAGCTGAGAGACTCTAAAT",NA,"TRAJ9","TRBV2",NA,"TRBJ2-3",NA,"GGCCAGGGTTTTCCCAGTCACGACGCCTGATGGATCAAATTTCACTCTGAAGATCCGGTCCACAAAGCTGGAGGACTCAGCCATGTACTTCTGTGCCAGCAGGCCCTTGGAAGATACGCAGTATTTTGGCCCAGGCACCCGGCTGACAGTGCTCGAGGACCTGAAAAACGTGTTCCCACCCGAGGTCGCTGTGTTTGAGCCATCAGAAGCA",NA,31915375,NA
61,"CAVCGGGFKTIF",1,"CAVRGGGFKTIF","CASRPLEDTQYF","Human","Autoimmune","Parkinson disease","D010351",NA,"3","Yes",NA,NA,NA,NA,NA,NA,"CSF","CD8",NA,"TGCCAGGGTTTTCCCAGTCACGACGAAGATGGAAGGTTTACAGCACAGCTCAATAAAGCCAGCCAGTATGTTTCTCTGCTCATCAGAGACTCCCAGCCCAGTGATTCAGCCACCTACCTCTGTGCCGTGAGGGGTGGAGGCTTCAAAACTATCTTTGGAGCAGGAACAAGACTATTTGTTAAAGCAAATATCCAGAACCCTGACCCTGCCGTGTACCAGCTGAGAGACTCTAAAT",NA,"TRAJ9","TRBV2",NA,"TRBJ2-3",NA,"TGCCAGGGTTTTCCCAGTCACGACGCCTGATGGATCAAATTTCACTCTGAAGATCCGGTCCACAAAGCTGGAGGACTCAGCCATGTACTTCTGTGCCAGCAGGCCCTTGGAAGATACGCAGTATTTTGGCCCAGGCACCCGGCTGACAGTGCTCGAGGACCTGAAAAACGTGTTCCCACCCGAGGTCGCTGTGTTTGAGCCATCAGAAGCA",NA,31915375,NA
61,"CAVCGGGFKTIF",2,"CAVKGTGGFKTIF","CSAGRTSGRGGTDTQYF","Human","Pathogens","M.Tuberculosis","D009169",NA,"2.2","Yes","Yes",NA,NA,NA,NA,NA,"PBMC","CD4",NA,NA,"TRAV12-2","TRAJ9","TRBV20-1",NA,"TRBJ2-3",NA,NA,NA,32341563,NA
61,"CAVCGGGFKTIF",2,"CAVNTGGFKTIF","CSADLGGGHGYTF","Human","Pathogens","M.Tuberculosis","D009169",NA,"2.2","Yes","Yes",NA,NA,NA,NA,NA,"PBMC","CD4",NA,NA,"TRAV8-4","TRAJ9","TRBV20-1",NA,"TRBJ1-2",NA,NA,NA,32341563,NA
61,"CAVCGGGFKTIF",2,"CAVITGGFKTIF","CSVSAEDRFGSGAFF","Human","Pathogens","M.Tuberculosis","D009169",NA,"2.2","Yes","Yes",NA,NA,NA,NA,NA,"PBMC","CD4",NA,NA,NA,"TRAJ9 56 0","TRBV29-1",NA,"TRBJ1-1",NA,NA,NA,32341563,NA
61,"CAVCGGGFKTIF",2,"CAVITGGFKTIF","CSVSAEDRFGSGAFF","Human","Pathogens","M.Tuberculosis","D009169",NA,"2.2","Yes","Yes",NA,NA,NA,NA,NA,"PBMC","CD4",NA,NA,NA,"TRAJ9 56 0","TRBV29-1",NA,"TRBJ1-1",NA,NA,NA,32341563,NA
61,"CAVCGGGFKTIF",2,"CAVITGGFKTIF","CSVSAEDRFGSGAFF","Human","Pathogens","M.Tuberculosis","D009169",NA,"2.2","Yes","Yes",NA,NA,NA,NA,NA,"PBMC","CD4",NA,NA,NA,"TRAJ9 56 0","TRBV29-1",NA,"TRBJ1-1",NA,NA,NA,32341563,NA
61,"CAVCGGGFKTIF",2,"CAVITGGFKTIF","CSVSAEDRFGSGAFF","Human","Pathogens","M.Tuberculosis","D009169",NA,"2.2","Yes","Yes",NA,NA,NA,NA,NA,"PBMC","CD4",NA,NA,NA,"TRAJ9 56 0","TRBV29-1",NA,"TRBJ1-1",NA,NA,NA,32341563,NA
61,"CAVCGGGFKTIF",2,"CAVRVGGFKTIF","CASSNTGTGELFF","Human","Pathogens","M.Tuberculosis","D009169",NA,"2.2","Yes","Yes",NA,NA,NA,NA,NA,"PBMC","CD4",NA,NA,"TRAV3","TRAJ9","TRBV7-6",NA,"TRBJ2-2",NA,NA,NA,32341563,NA
61,"CAVCGGGFKTIF",2,"CAVLGTGGFKTIF","CAWSGGSSGEAFF","Human","Pathogens","M.Tuberculosis","D009169",NA,"2.2","Yes","Yes",NA,NA,NA,NA,NA,"PBMC","CD4",NA,NA,"TRAV1-1","TRAJ9","TRBV30",NA,"TRBJ1-1",NA,NA,NA,32341563,NA
61,"CAVCGGGFKTIF",2,"CAVNTGGFKTIF","CASSLLRESPLHF","Human","Pathogens","M.Tuberculosis","D009169",NA,"2.2","Yes","Yes",NA,NA,NA,NA,NA,"PBMC","CD4",NA,NA,"TRAV12-2","TRAJ9","TRBV12-3",NA,"TRBJ1-6",NA,NA,NA,32341563,NA
61,"CAVCGGGFKTIF",2,"CAVNTGGFKTIF","CASRTWISGKDEQFF","Human","Pathogens","M.Tuberculosis","D009169",NA,"2.2","Yes","Yes",NA,NA,NA,NA,NA,"PBMC","CD4",NA,NA,"TRAV21","TRAJ9","TRBV27",NA,"TRBJ2-1",NA,NA,NA,32341563,NA
61,"CAVCGGGFKTIF",2,"CAVGEGGGFKTIF","CASSQEMGASYNSPLHF","Human","Pathogens","M.Tuberculosis","D009169",NA,"2.2","Yes","Yes",NA,NA,NA,NA,NA,"PBMC","CD4",NA,NA,"TRAV8-3","TRAJ9","TRBV4-2",NA,"TRBJ1-6",NA,NA,NA,32341563,NA
61,"CAVCGGGFKTIF",2,"CAVRGTGGFKTIF","CASSQVEVSPLHF","Human","Pathogens","M.Tuberculosis","D009169",NA,"2.2","Yes","Yes",NA,NA,NA,NA,NA,"PBMC","CD4",NA,NA,"TRAV3","TRAJ9","TRBV4-1",NA,"TRBJ1-6",NA,NA,NA,32341563,NA
61,"CAVCGGGFKTIF",2,"CAVLTGGFKTIF","CASSSTSGTDTQYF","Human","Pathogens","M.Tuberculosis","D009169",NA,"2.2","Yes","Yes",NA,NA,NA,NA,NA,"PBMC","CD4",NA,NA,"TRAV1-1","TRAJ9","TRBV6-2",NA,"TRBJ2-3",NA,NA,NA,32341563,NA
63,"CATVEEGSRLTF",2,"CAVEGSRLTF",NA,"Human","Cancer","Neoantigen","C050269",NA,"1","Yes","No","OR6F1-VLN-T8M",NA,"VLNPFIYML",NA,"HLA-A2",NA,NA,NA,NA,"TRAV8-1",NA,NA,NA,NA,NA,NA,NA,30418433,NA
63,"CATVEEGSRLTF",2,"CAVEGSRLTF",NA,"Human","Cancer","Neoantigen","C050269",NA,"1","Yes","No","OVOL1-SLL-L9V",NA,"SLLQGSPHV",NA,"HLA-A2",NA,NA,NA,NA,NA,NA,NA,NA,NA,NA,NA,NA,30418433,NA
63,"CATVEEGSRLTF",2,"CAVEGSRLTF",NA,"Human","Cancer","Neoantigen","C050269",NA,"1","Yes","No","PHKA2-LLS-SF",NA,"LLSIIFFPA",NA,"HLA-A2",NA,NA,NA,NA,"TRAV9-2",NA,NA,NA,NA,NA,NA,NA,30418433,NA
63,"CATVEEGSRLTF",2,"CAVEGSRLTF","CASSSGPTMGGKLFF","Human","Cancer","Melanoma","D008545",NA,"1","Yes",NA,"Melan-A/MART-1",NA,"ELAGIGILTV",NA,"HLA-A2",NA,NA,NA,NA,NA,NA,"TRBV11-2",NA,NA,NA,NA,NA,30418433,NA
63,"CATVEEGSRLTF",2,"CAVEGSRLTF",NA,"Human","Cancer","Neoantigen","C050269",NA,"1","Yes",NA,"NSDHL-ILT",NA,"ILTGLNYEA",NA,"HLA-A2",NA,NA,NA,NA,NA,NA,NA,NA,NA,NA,NA,NA,30418433,NA
68,"CAVLTAGDDKIIF",2,"CAVTGDDKIIF","CASSGQGAYGYTF","Human","Pathogens","Yellow fever virus","D015005",NA,"1","Yes","Yes","YFV-17D","P03314","LLWNGPMAV","121572","HLA-A*02:01",NA,"CD8",NA,NA,"TRAV12-2","TRAJ30","TRBV2","TRBD1","TRBJ1-2","No",NA,NA,28103239,NA
68,"CAVLTAGDDKIIF",2,"CAVTGDDKIIF","CASSPSGGAYGYTF","Human","Pathogens","Yellow fever virus","D015005",NA,"1","Yes","Yes","YFV-17D","P03314","LLWNGPMAV","121572","HLA-A*02:01",NA,"CD8",NA,NA,"TRAV12-2","TRAJ30","TRBV7-02","TRBD1","TRBJ1-2","No",NA,NA,28103239,NA
68,"CAVLTAGDDKIIF",2,"CAVTGDDKIIF","CASSSQGAYGYTF","Human","Pathogens","Yellow fever virus","D015005",NA,"1","Yes","Yes","YFV-17D","P03314","LLWNGPMAV","121572","HLA-A*02:01",NA,"CD8",NA,NA,"TRAV12-2","TRAJ30","TRBV7-02","TRBD1","TRBJ1-2","No",NA,NA,28103239,NA
68,"CAVLTAGDDKIIF",2,"CAVTGDDKIIF","CASTRQGAYEQYF","Human","Pathogens","Yellow fever virus","D015005",NA,"1","Yes","Yes","YFV-17D","P03314","LLWNGPMAV","121572","HLA-A*02:01",NA,"CD8",NA,NA,"TRAV12-2","TRAJ30","TRBV6-02","TRBD1","TRBJ2-7","No",NA,NA,28103239,NA
68,"CAVLTAGDDKIIF",2,"CAVTGDDKIIF","CASTRQGAYEQYF","Human","Pathogens","Yellow fever virus","D015005",NA,"1","Yes","Yes","YFV-17D","P03314","LLWNGPMAV","121572","HLA-A*02:01",NA,"CD8",NA,NA,"TRAV12-2","TRAJ30","TRBV6-03","TRBD1","TRBJ2-7","No",NA,NA,28103239,NA
68,"CAVLTAGDDKIIF",2,"CAVTGDDKIIF","CASTRQGAYEQYF","Human","Pathogens","Yellow fever virus","D015005",NA,"1","Yes","Yes","YFV-17D","P03314","LLWNGPMAV","121572","HLA-A*02:01",NA,"CD8",NA,NA,"TRAV12-2","TRAJ30","TRBV6-06","TRBD1","TRBJ2-7","No",NA,NA,28103239,NA
68,"CAVLTAGDDKIIF",2,"CAVTGDDKIIF","CASTRQGAYEQYF","Human","Pathogens","Yellow fever virus","D015005",NA,"1","Yes","Yes","YFV-17D","P03314","LLWNGPMAV","121572","HLA-A*02:01",NA,"CD8",NA,NA,"TRAV12-2","TRAJ30"," TRBV6-02","TRBD1","TRBJ2-7","No",NA,NA,28103239,NA
74,"CAVDMSGNYQLIW",2,"CAVSGNYQLIW","CASGDTSAETLYF","Mouse","Pathogens","Influenza","D009980",NA,"1","Yes","Yes","PB1","P03431","SSYRRPVGI","61497","H-2Kb","Bronchoalveolar","CD8",NA,NA,"TRAV3-3:01","TRAJ3-01","TRBV1-01",NA,"TRBJ2-3:01","No",NA,"C57/BL6",28636592,NA
74,"CAVDMSGNYQLIW",2,"CAVSGNYQLIW","CASGGGSNERLFF","Mouse","Pathogens","Influenza","D009980",NA,"1","Yes","Yes","PB1","P03431","SSYRRPVGI","61497","H-2Kb","Bronchoalveolar","CD8",NA,NA,"TRAV3N-3:01","TRAJ3-01","TRBV1-01",NA,"TRBJ1-4:02","No",NA,"C57/BL6",28636592,NA
74,"CAVDMSGNYQLIW",2,"CAVSGNYQLIW","CASGGLESAETLYF","Mouse","Pathogens","Influenza","D009980",NA,"1","Yes","Yes","PA","P03433","SSLENFRAYV","61151","H-2Db","Bronchoalveolar","CD8",NA,NA,"TRAV3D-3:02","TRAJ3-01","TRBV4-01",NA,"TRBJ2-3:01","No",NA,"C57/BL6",28636592,NA
74,"CAVDMSGNYQLIW",2,"CAVSGNYQLIW","CASRNRNSAETLYF","Mouse","Pathogens","Influenza","D009980",NA,"1","Yes","Yes","PA","P03433","SSLENFRAYV","61151","H-2Db","Bronchoalveolar","CD8",NA,NA,"TRAV3-3:01","TRAJ3-01","TRBV1-01",NA,"TRBJ2-3:01","No",NA,"C57/BL6",28636592,NA
74,"CAVDMSGNYQLIW",2,"CAVDSNYQLIW","CASSPDSAETLYF","Mouse","Pathogens","Influenza","D009980",NA,"1","Yes","Yes","PB1","P03431","SSYRRPVGI","61497","H-2Kb","Bronchoalveolar","CD8",NA,NA,"TRAV3-3:01","TRAJ3-01","TRBV1-01",NA,"TRBJ2-3:01","No",NA,"C57/BL6",28636592,NA
74,"CAVDMSGNYQLIW",2,"CAVDSNYQLIW","CASSQDSAETLYF","Mouse","Pathogens","Influenza","D009980",NA,"1","Yes","Yes","PB1","P03431","SSYRRPVGI","61497","H-2Kb","Bronchoalveolar","CD8",NA,NA,"TRAV3-3:01","TRAJ3-01","TRBV4-01",NA,"TRBJ2-3:01","No",NA,"C57/BL6",28636592,NA
74,"CAVDMSGNYQLIW",2,"CAVSGNYQLIW","CASSWDSNERLFF","Mouse","Pathogens","Influenza","D009980",NA,"1","Yes","Yes","PB1","P03431","SSYRRPVGI","61497","H-2Kb","Bronchoalveolar","CD8",NA,NA,"TRAV3-3:01","TRAJ3-01","TRBV4-01",NA,"TRBJ1-4:02","No",NA,"C57/BL6",28636592,NA
74,"CAVDMSGNYQLIW",2,"CAVSGNYQLIW","CASTPDRGQDTQYF","Mouse","Pathogens","Influenza","D009980",NA,"1","Yes","Yes","PB1","P03431","SSYRRPVGI","61497","H-2Kb","Bronchoalveolar","CD8",NA,NA,"TRAV3-3:01","TRAJ3-01","TRBV1-01",NA,"TRBJ2-5:01","No",NA,"C57/BL6",28636592,NA
74,"CAVDMSGNYQLIW",2,"CAVDSNYQLIW","CAISEAGPGSANTEAFF","Human","Cancer","Neoantigen","C050269",NA,"1","Yes","No","OR14C36-FML-V6L",NA,"FMLYLLTLM",NA,"HLA-A2",NA,NA,NA,NA,NA,NA,"TRBV10-3",NA,NA,NA,NA,NA,30418433,NA
74,"CAVDMSGNYQLIW",2,"CATDMGNYQLIW","CASSQVMGQPNTGELFF","Human","Pathogens","M.Tuberculosis","D009169",NA,"2.2","Yes","Yes",NA,NA,NA,NA,NA,"PBMC","CD4",NA,NA,"TRAV17","TRAJ33","TRBV4-1",NA,"TRBJ2-2",NA,NA,NA,32341563,NA
75,"CAVDMSGNYQLIW",2,"CAVSGNYQLIW","CASGDTSAETLYF","Mouse","Pathogens","Influenza","D009980",NA,"1","Yes","Yes","PB1","P03431","SSYRRPVGI","61497","H-2Kb","Bronchoalveolar","CD8",NA,NA,"TRAV3-3:01","TRAJ3-01","TRBV1-01",NA,"TRBJ2-3:01","No",NA,"C57/BL6",28636592,NA
75,"CAVDMSGNYQLIW",2,"CAVSGNYQLIW","CASGGGSNERLFF","Mouse","Pathogens","Influenza","D009980",NA,"1","Yes","Yes","PB1","P03431","SSYRRPVGI","61497","H-2Kb","Bronchoalveolar","CD8",NA,NA,"TRAV3N-3:01","TRAJ3-01","TRBV1-01",NA,"TRBJ1-4:02","No",NA,"C57/BL6",28636592,NA
75,"CAVDMSGNYQLIW",2,"CAVSGNYQLIW","CASGGLESAETLYF","Mouse","Pathogens","Influenza","D009980",NA,"1","Yes","Yes","PA","P03433","SSLENFRAYV","61151","H-2Db","Bronchoalveolar","CD8",NA,NA,"TRAV3D-3:02","TRAJ3-01","TRBV4-01",NA,"TRBJ2-3:01","No",NA,"C57/BL6",28636592,NA
75,"CAVDMSGNYQLIW",2,"CAVSGNYQLIW","CASRNRNSAETLYF","Mouse","Pathogens","Influenza","D009980",NA,"1","Yes","Yes","PA","P03433","SSLENFRAYV","61151","H-2Db","Bronchoalveolar","CD8",NA,NA,"TRAV3-3:01","TRAJ3-01","TRBV1-01",NA,"TRBJ2-3:01","No",NA,"C57/BL6",28636592,NA
75,"CAVDMSGNYQLIW",2,"CAVDSNYQLIW","CASSPDSAETLYF","Mouse","Pathogens","Influenza","D009980",NA,"1","Yes","Yes","PB1","P03431","SSYRRPVGI","61497","H-2Kb","Bronchoalveolar","CD8",NA,NA,"TRAV3-3:01","TRAJ3-01","TRBV1-01",NA,"TRBJ2-3:01","No",NA,"C57/BL6",28636592,NA
75,"CAVDMSGNYQLIW",2,"CAVDSNYQLIW","CASSQDSAETLYF","Mouse","Pathogens","Influenza","D009980",NA,"1","Yes","Yes","PB1","P03431","SSYRRPVGI","61497","H-2Kb","Bronchoalveolar","CD8",NA,NA,"TRAV3-3:01","TRAJ3-01","TRBV4-01",NA,"TRBJ2-3:01","No",NA,"C57/BL6",28636592,NA
75,"CAVDMSGNYQLIW",2,"CAVSGNYQLIW","CASSWDSNERLFF","Mouse","Pathogens","Influenza","D009980",NA,"1","Yes","Yes","PB1","P03431","SSYRRPVGI","61497","H-2Kb","Bronchoalveolar","CD8",NA,NA,"TRAV3-3:01","TRAJ3-01","TRBV4-01",NA,"TRBJ1-4:02","No",NA,"C57/BL6",28636592,NA
75,"CAVDMSGNYQLIW",2,"CAVSGNYQLIW","CASTPDRGQDTQYF","Mouse","Pathogens","Influenza","D009980",NA,"1","Yes","Yes","PB1","P03431","SSYRRPVGI","61497","H-2Kb","Bronchoalveolar","CD8",NA,NA,"TRAV3-3:01","TRAJ3-01","TRBV1-01",NA,"TRBJ2-5:01","No",NA,"C57/BL6",28636592,NA
75,"CAVDMSGNYQLIW",2,"CAVDSNYQLIW","CAISEAGPGSANTEAFF","Human","Cancer","Neoantigen","C050269",NA,"1","Yes","No","OR14C36-FML-V6L",NA,"FMLYLLTLM",NA,"HLA-A2",NA,NA,NA,NA,NA,NA,"TRBV10-3",NA,NA,NA,NA,NA,30418433,NA
75,"CAVDMSGNYQLIW",2,"CATDMGNYQLIW","CASSQVMGQPNTGELFF","Human","Pathogens","M.Tuberculosis","D009169",NA,"2.2","Yes","Yes",NA,NA,NA,NA,NA,"PBMC","CD4",NA,NA,"TRAV17","TRAJ33","TRBV4-1",NA,"TRBJ2-2",NA,NA,NA,32341563,NA
76,"CAASIPDQFYF",2,"CAASILGQFYF","CASSYGGVGETQYF","Human","Pathogens","M.Tuberculosis","D009169",NA,"2.2","Yes","Yes",NA,NA,NA,NA,NA,"PBMC","CD4",NA,NA,"TRAV13-1","TRAJ49","TRBV6-5",NA,"TRBJ2-5",NA,NA,NA,32341563,NA
76,"CAASIPDQFYF",2,"CAASIGIQFYF","CASSHPRGTGGPEETQYF","Human","Pathogens","M.Tuberculosis","D009169",NA,"2.2","Yes","Yes",NA,NA,NA,NA,NA,"PBMC","CD4",NA,NA,"TRAV13-1","TRAJ49","TRBV4-2",NA,"TRBJ2-5",NA,NA,NA,32341563,NA
79,"CAVNPVGALIF",2,"CAVNPDGKLIF","CSVPSRGYAGELFF","Human","Pathogens","Yellow fever virus","D015005",NA,"1","Yes","Yes","YFV-17D","P03314","LLWNGPMAV","121572","HLA-A*02:01",NA,"CD8",NA,NA,"TRAV12-2","TRAJ23","TRBV20-01","TRBD1","TRBJ2-2","No",NA,NA,28103239,NA
80,"CAVNWDEKLTF",2,"CAVNLNEKLTF","CSARDGTRAHYEQFF","Human","Pathogens","Influenza","D009980",NA,"1","Yes","Yes","Matrix protein (M1)","P03485","GILGFVFTL","20354","HLA-A*02:01","PBMC","CD8",NA,NA,"TRAV3-01","TRAJ4-01","TRBV2-01",NA,"TRBJ2-1:01","No",NA,"C57/BL6",28636592,NA
82,"CAVPGSNMLTF",2,"CAVNPGNMLTF","CSTDGQTGTGELF","Human","Cancer","Melanoma","D008545",NA,"2.4","No","No","Melan-A/MART-1","Q16655","EAAGIGILTV","10987","HLA-A*02","Tumor Tissue",NA,NA,"TGTGCCGTGAACCCAGGCAACATGCTCACCTTTGGAGGGGGAACAAGGTTAATGGTCAAACCCCATATCCAG","TRAV2","TRAJ39",NA,NA,"TRBJ2-2","No","TGCAGCACTGATGGGCAGACCGGCACCGGGGAGCTGTTTTTTGGAGAAGGCTCTAGGCTGACCGTACTGGAGGACCTG",NA,7777568,NA
82,"CAVPGSNMLTF",2,"CAVGLNMLTF","CSASSVAASTDTQYF","Human","Pathogens","M.Tuberculosis","D009169",NA,"2.2","Yes","Yes",NA,NA,NA,NA,NA,"PBMC","CD4",NA,NA,"TRAV21","TRAJ39","TRBV20-1",NA,"TRBJ2-3",NA,NA,NA,32341563,NA
82,"CAVPGSNMLTF",1,"CAVPSNMLTF","CASSRTGEVRTEAFF","Human","Pathogens","M.Tuberculosis","D009169",NA,"2.2","Yes","Yes",NA,NA,NA,NA,NA,"PBMC","CD4",NA,NA,"TRAV36/DV7","TRAJ39","TRBV7-9",NA,"TRBJ1-1",NA,NA,NA,32341563,NA
83,"CAAPGSNMLTF",2,"CAVPSNMLTF","CASSRTGEVRTEAFF","Human","Pathogens","M.Tuberculosis","D009169",NA,"2.2","Yes","Yes",NA,NA,NA,NA,NA,"PBMC","CD4",NA,NA,"TRAV36/DV7","TRAJ39","TRBV7-9",NA,"TRBJ1-1",NA,NA,NA,32341563,NA
84,"CAVIYGNMLTF",2,"CAVNPGNMLTF","CSTDGQTGTGELF","Human","Cancer","Melanoma","D008545",NA,"2.4","No","No","Melan-A/MART-1","Q16655","EAAGIGILTV","10987","HLA-A*02","Tumor Tissue",NA,NA,"TGTGCCGTGAACCCAGGCAACATGCTCACCTTTGGAGGGGGAACAAGGTTAATGGTCAAACCCCATATCCAG","TRAV2","TRAJ39",NA,NA,"TRBJ2-2","No","TGCAGCACTGATGGGCAGACCGGCACCGGGGAGCTGTTTTTTGGAGAAGGCTCTAGGCTGACCGTACTGGAGGACCTG",NA,7777568,NA
84,"CAVIYGNMLTF",2,"CAVSGYGNMLTF","CASSVAESPGYPPLVTEAF","Human","Pathogens","Epstein Barr virus (EBV)","D020031","EBV","2.1","No","No","EBNA-4","P03203","IVTDFSVIK","29466","HLA-A*011","PBMC",NA,NA,NA,"TRAV1-2","TRAJ39","TRBV9",NA,"TRBJ1-1","No",NA,NA,9207000,NA
84,"CAVIYGNMLTF",1,"CAVNYGNMLTF","CASSYATEVAGETQYF","Human","Pathogens","Cytomegalovirus (CMV)","D003586",NA,"1","Yes",NA,"pp65","P06725","NLVPMVATV","44921","HLA-A2",NA,NA,NA,NA,"TRAV14/DV4",NA,"TRBV6-5",NA,NA,NA,NA,NA,30418433,NA
84,"CAVIYGNMLTF",2,"CAIRGNMLTF",NA,"Human","Pathogens","M. tuberculosis","D009169",NA,"2.2","Yes","Yes",NA,NA,NA,NA,NA,"PBMC","CD8",NA,NA,NA,"TRAJ39",NA,NA,NA,NA,NA,NA,30992377,NA
85,"CAVIHGNMLTF",2,"CAVNPGNMLTF","CSTDGQTGTGELF","Human","Cancer","Melanoma","D008545",NA,"2.4","No","No","Melan-A/MART-1","Q16655","EAAGIGILTV","10987","HLA-A*02","Tumor Tissue",NA,NA,"TGTGCCGTGAACCCAGGCAACATGCTCACCTTTGGAGGGGGAACAAGGTTAATGGTCAAACCCCATATCCAG","TRAV2","TRAJ39",NA,NA,"TRBJ2-2","No","TGCAGCACTGATGGGCAGACCGGCACCGGGGAGCTGTTTTTTGGAGAAGGCTCTAGGCTGACCGTACTGGAGGACCTG",NA,7777568,NA
85,"CAVIHGNMLTF",2,"CAVNYGNMLTF","CASSYATEVAGETQYF","Human","Pathogens","Cytomegalovirus (CMV)","D003586",NA,"1","Yes",NA,"pp65","P06725","NLVPMVATV","44921","HLA-A2",NA,NA,NA,NA,"TRAV14/DV4",NA,"TRBV6-5",NA,NA,NA,NA,NA,30418433,NA
85,"CAVIHGNMLTF",2,"CAIRGNMLTF",NA,"Human","Pathogens","M. tuberculosis","D009169",NA,"2.2","Yes","Yes",NA,NA,NA,NA,NA,"PBMC","CD8",NA,NA,NA,"TRAJ39",NA,NA,NA,NA,NA,NA,30992377,NA
86,"CAVRMENKLIF",2,"CAVRTTNKLIF","CASSLGTYGYTF","Human","Autoimmune","Parkinson disease","D010426",NA,"3","Yes",NA,NA,NA,NA,NA,NA,"CSF","CD8",NA,"AGCCAGGGTTTTCCCAGTCACGACAGGTCGTTTTTCTTCATTCCTTAGTCGGTCTAAAGGGTACAGTTACCTCCTTTTGAAGGAGCTCCAGATGAAAGACTCTGCCTCTTACCTCTGTGCTGTGAGAACTACAAACAAGCTCATCTTTGGAACTGGCACTCTGCTTGCTGTCCAGCCAAATATCCAGAACCCTGACCCTGCCGTGTACCAGCTGAGAGACTCTAAAT","TRAV12-1","TRAJ32","TRBV19",NA,"TRBJ1-2",NA,"AGCCAGGGTTTTCCCAGTCACGACGGTACAGCGTCTCTCGGGAGAAGAAGGAATCCTTTCCTCTCACTGTGACATCGGCCCAAAAGAACCCGACAGCTTTCTATCTCTGTGCCAGTAGTCTGGGGACTTATGGCTACACCTTCGGTTCGGGGACCAGGTTAACCGTTGTAGAGGACCTGAACAAGGTGTTCCCACCCGAGGTCGCTGTGTTTGAGCCATCAGAAGCA",NA,31915375,NA
87,"CAVRIENKLIF",2,"CAVRTTNKLIF","CASSLGTYGYTF","Human","Autoimmune","Parkinson disease","D010426",NA,"3","Yes",NA,NA,NA,NA,NA,NA,"CSF","CD8",NA,"AGCCAGGGTTTTCCCAGTCACGACAGGTCGTTTTTCTTCATTCCTTAGTCGGTCTAAAGGGTACAGTTACCTCCTTTTGAAGGAGCTCCAGATGAAAGACTCTGCCTCTTACCTCTGTGCTGTGAGAACTACAAACAAGCTCATCTTTGGAACTGGCACTCTGCTTGCTGTCCAGCCAAATATCCAGAACCCTGACCCTGCCGTGTACCAGCTGAGAGACTCTAAAT","TRAV12-1","TRAJ32","TRBV19",NA,"TRBJ1-2",NA,"AGCCAGGGTTTTCCCAGTCACGACGGTACAGCGTCTCTCGGGAGAAGAAGGAATCCTTTCCTCTCACTGTGACATCGGCCCAAAAGAACCCGACAGCTTTCTATCTCTGTGCCAGTAGTCTGGGGACTTATGGCTACACCTTCGGTTCGGGGACCAGGTTAACCGTTGTAGAGGACCTGAACAAGGTGTTCCCACCCGAGGTCGCTGTGTTTGAGCCATCAGAAGCA",NA,31915375,NA
91,"CAVLRVPNQAGTALIF",2,"CAVRPNQAGTALIF","CASSQDRGRGRYGYTF","Human","Pathogens","M.Tuberculosis","D009169",NA,"2.2","Yes","Yes",NA,NA,NA,NA,NA,"PBMC","CD4",NA,NA,"TRAV21","TRAJ15","TRBV4-1",NA,"TRBJ1-2",NA,NA,NA,32341563,NA
91,"CAVLRVPNQAGTALIF",2,"CALRVNQAGTALIF","CASSQDRGGAARYEQYF","Human","Pathogens","M.Tuberculosis","D009169",NA,"2.2","Yes","Yes",NA,NA,NA,NA,NA,"PBMC","CD4",NA,NA,"TRAV9-1","TRAJ15","TRBV14",NA,"TRBJ2-7",NA,NA,NA,32341563,NA
99,"CAMREERATNAGKSTF",2,"CAMREGRDTNAGKSTF","CSGGRAGGSKTQYF","Human","Pathogens","M.Tuberculosis","D009169",NA,"2.2","Yes","Yes",NA,NA,NA,NA,NA,"PBMC","CD4",NA,NA,NA,"TRAJ27 57 0","TRBV20-1",NA,"TRBJ2-5",NA,NA,NA,32341563,NA
100,"CAVNWGASSNTGKLIF",2,"CAVNGGSSNTGKLIF","CASKYGGGGEKLFF","Human","Pathogens","M.Tuberculosis","D009169",NA,"2.2","Yes","Yes",NA,NA,NA,NA,NA,"PBMC","CD4",NA,NA,"TRAV12-2","TRAJ37","TRBV2",NA,"TRBJ1-4",NA,NA,NA,32341563,NA
101,"CAVNWGLSSNTGKLIF",2,"CAVNGGSSNTGKLIF","CASKYGGGGEKLFF","Human","Pathogens","M.Tuberculosis","D009169",NA,"2.2","Yes","Yes",NA,NA,NA,NA,NA,"PBMC","CD4",NA,NA,"TRAV12-2","TRAJ37","TRBV2",NA,"TRBJ1-4",NA,NA,NA,32341563,NA
126,"CAMREGGINTGGFKTIF",2,"CAMREGGNGGGFKTIF","CASSLLLARETQYF","Human","Pathogens","Influenza","D009980",NA,"1","Yes","Yes","Matrix protein (M1)","P03485","GILGFVFTL","20354","HLA-A2","PBMC","CD8",NA,NA,"TRAV14/DV4","TRAJ9","TRBV28","TRBD2","TRBJ2-5","No",NA,NA,28423320,NA
126,"CAMREGGINTGGFKTIF",2,"CAMREGNTGGFKTIF","CASSETSGLIDEKLFF","Human","Cancer","Neoantigen","C050269",NA,"1","Yes","No","CNKSR1-SLA-A9V",NA,"SLAPLSPRV",NA,"HLA-A2",NA,NA,NA,NA,"TRAV35",NA,"TRBV19",NA,NA,NA,NA,NA,30418433,NA
126,"CAMREGGINTGGFKTIF",2,"CAMREGNTGGFKTIF","CASSAGGDTEAFF","Human","Cancer","Neoantigen","C050269",NA,"1","Yes",NA,"NSDHL-A9V",NA,"KLVALGINAV",NA,"HLA-A2",NA,NA,NA,NA,"TRAV24",NA,"TRBV9",NA,NA,NA,NA,NA,30418433,NA
126,"CAMREGGINTGGFKTIF",2,"CAMREGIKTGGFKTIF","CSARGGLDNEQFF","Human","Pathogens","M.Tuberculosis","D009169",NA,"2.2","Yes","Yes",NA,NA,NA,NA,NA,"PBMC","CD4",NA,NA,NA,"TRAJ9 55 0","TRBV20-1",NA,"TRBJ2-1",NA,NA,NA,32341563,NA
126,"CAMREGGINTGGFKTIF",2,"CAMREGGTGGFKTIF","CASSPGGDTQYF","Human","Pathogens","M.Tuberculosis","D009169",NA,"2.2","Yes","Yes",NA,NA,NA,NA,NA,"PBMC","CD4",NA,NA,NA,"TRAJ9 55 0","TRBV3-1",NA,"TRBJ2-3",NA,NA,NA,32341563,NA
127,"CAMREGGYNTGGFKTIF",2,"CAMREGGNGGGFKTIF","CASSLLLARETQYF","Human","Pathogens","Influenza","D009980",NA,"1","Yes","Yes","Matrix protein (M1)","P03485","GILGFVFTL","20354","HLA-A2","PBMC","CD8",NA,NA,"TRAV14/DV4","TRAJ9","TRBV28","TRBD2","TRBJ2-5","No",NA,NA,28423320,NA
127,"CAMREGGYNTGGFKTIF",2,"CAMREGNTGGFKTIF","CASSETSGLIDEKLFF","Human","Cancer","Neoantigen","C050269",NA,"1","Yes","No","CNKSR1-SLA-A9V",NA,"SLAPLSPRV",NA,"HLA-A2",NA,NA,NA,NA,"TRAV35",NA,"TRBV19",NA,NA,NA,NA,NA,30418433,NA
127,"CAMREGGYNTGGFKTIF",2,"CAMREGNTGGFKTIF","CASSAGGDTEAFF","Human","Cancer","Neoantigen","C050269",NA,"1","Yes",NA,"NSDHL-A9V",NA,"KLVALGINAV",NA,"HLA-A2",NA,NA,NA,NA,"TRAV24",NA,"TRBV9",NA,NA,NA,NA,NA,30418433,NA
127,"CAMREGGYNTGGFKTIF",2,"CAMREGGTGGFKTIF","CASSPGGDTQYF","Human","Pathogens","M.Tuberculosis","D009169",NA,"2.2","Yes","Yes",NA,NA,NA,NA,NA,"PBMC","CD4",NA,NA,NA,"TRAJ9 55 0","TRBV3-1",NA,"TRBJ2-3",NA,NA,NA,32341563,NA
135,"CALSEASKSSGSARQLTF",2,"CALSEAFISSGSARQLTF","CASSQVTRTEYQETQYF","Human","Pathogens","M. tuberculosis","D009169",NA,"2.2","Yes","Yes",NA,NA,NA,NA,NA,"PBMC","CD8",NA,NA,NA,"TRAJ22","TRBV4-2",NA,"TRBJ2-5",NA,NA,NA,30992377,NA
