"","Cluster_ID","Number.of.patients","CDR3","Patient","Count","CDR3.alpha.aa","Pathology","Antigen.protein","T.Cell.Type"
"17",14128,2,"CAASKEYGKLTF","BOB44687WB_1",11,"CAASKSYGKLTF","M.Tuberculosis",NA,"CD4"
"18",14128,2,"CAASKEYGKLTF","BOB44687WB_1",11,"CAASKSYGKLTF","M.Tuberculosis",NA,"CD4"
"19",14128,2,"CAASKEYGKLTF","BOB44687WB_1",11,"CAASKSYGKLTF","M.Tuberculosis",NA,"CD4"
"20",14128,2,"CAASKEYGKLTF","BOB44687WB_1",11,"CAASKSYGKLTF","M.Tuberculosis",NA,"CD4"
"21",14128,2,"CAASKEYGKLTF","BOB44687WB_1",11,"CAASKSYGKLTF","M.Tuberculosis",NA,"CD4"
"22",14128,2,"CAASKEYGKLTF","BOB44687WB_1",11,"CAASKSYGKLTF","M.Tuberculosis",NA,"CD4"
"60",8305,2,"CAVGFPLEYGNKLVF","BOB44687WB_1",7,"CAVGRPLEYGNKLVF","M.Tuberculosis",NA,"CD4"
"61",8305,2,"CAVGFPLEYGNKLVF","BOB44687WB_1",7,"CAVGDYLEYGNKLVF","M.Tuberculosis",NA,"CD4"
"62",8305,2,"CAVGFPLEYGNKLVF","BOB44687WB_1",7,"CAVGPMEYGNKLVF","M.Tuberculosis",NA,"CD4"
"63",8305,2,"CAVGFPLEYGNKLVF","BOB44687WB_1",7,"CAVGRPLEYGNKLVF","M.Tuberculosis",NA,"CD4"
"64",8305,2,"CAVGFPLEYGNKLVF","BOB44687WB_1",7,"CAVGDYLEYGNKLVF","M.Tuberculosis",NA,"CD4"
"65",8305,2,"CAVGFPLEYGNKLVF","BOB44687WB_1",7,"CAVGPMEYGNKLVF","M.Tuberculosis",NA,"CD4"
"23",14128,2,"CAASKEYGKLTF","BOB33328WB_1",6,"CAASKSYGKLTF","M.Tuberculosis",NA,"CD4"
"24",14128,2,"CAASKEYGKLTF","BOB33328WB_1",6,"CAASKSYGKLTF","M.Tuberculosis",NA,"CD4"
"25",14128,2,"CAASKEYGKLTF","BOB33328WB_1",6,"CAASKSYGKLTF","M.Tuberculosis",NA,"CD4"
"26",14128,2,"CAASKEYGKLTF","BOB33328WB_1",6,"CAASKSYGKLTF","M.Tuberculosis",NA,"CD4"
"27",14128,2,"CAASKEYGKLTF","BOB33328WB_1",6,"CAASKSYGKLTF","M.Tuberculosis",NA,"CD4"
"28",14128,2,"CAASKEYGKLTF","BOB33328WB_1",6,"CAASKSYGKLTF","M.Tuberculosis",NA,"CD4"
"113",4404,2,"CLVGDLYNDYKLSF","BOB18193_2",6,"CAVGDLSNDYKLSF","M. tuberculosis",NA,"CD8"
"114",4404,2,"CLVGDLYNDYKLSF","BOB18193_2",6,"CAVGDLSNDYKLSF","M. tuberculosis",NA,"CD8"
"115",4404,2,"CLVGDLYNDYKLSF","BOB18193_2",6,"CLVGDNDYKLSF","Celiac disease","DQ2-a-I","CD4"
"116",4404,2,"CLVGDLYNDYKLSF","BOB18193_2",6,"CLVGALNDYKLSF","M.Tuberculosis",NA,"CD4"
"36",11976,2,"CAGYRYTGKLIF","BOB44687WB_1",4,"CAYRGYTGKLIF","Neoantigen","GALC-YVV-V3L",NA
"50",16841,2,"CAVALSGCSTLTF","BOB20722WB_2",4,"CAALSGYSTLTF","Influenza","Matrix protein (M1)","CD8"
"51",16841,2,"CAVALSGCSTLTF","BOB20722WB_2",4,"CAALSGYSTLTF","Neoantigen","FNDC3B-VVL-L3M",NA
"14",16013,2,"CAASAIPDKLIF","BOB22394WB_2",3,"CAASASTDKLIF","HTLV-1","HTLV-LLF",NA
"15",16013,2,"CAASAIPDKLIF","BOB22394WB_2",3,"CAASTIPGKLIF","M.Tuberculosis",NA,"CD4"
"16",16013,2,"CAASAIPDKLIF","BOB22394WB_2",3,"CAASGPDKLIF","M.Tuberculosis",NA,"CD4"
"33",1411,2,"CAENIGVNTDKLIF","BOB15676_3",3,"CAENTIGNTDKLIF","Cytomegalovirus (CMV)","pp65","CD8"
"54",8305,2,"CAVGFPLEYGNKLVF","BOB26234WB_2",3,"CAVGRPLEYGNKLVF","M.Tuberculosis",NA,"CD4"
"55",8305,2,"CAVGFPLEYGNKLVF","BOB26234WB_2",3,"CAVGDYLEYGNKLVF","M.Tuberculosis",NA,"CD4"
"56",8305,2,"CAVGFPLEYGNKLVF","BOB26234WB_2",3,"CAVGPMEYGNKLVF","M.Tuberculosis",NA,"CD4"
"57",8305,2,"CAVGFPLEYGNKLVF","BOB26234WB_2",3,"CAVGRPLEYGNKLVF","M.Tuberculosis",NA,"CD4"
"58",8305,2,"CAVGFPLEYGNKLVF","BOB26234WB_2",3,"CAVGDYLEYGNKLVF","M.Tuberculosis",NA,"CD4"
"59",8305,2,"CAVGFPLEYGNKLVF","BOB26234WB_2",3,"CAVGPMEYGNKLVF","M.Tuberculosis",NA,"CD4"
"111",16808,2,"CIVRVAIHDKIIF","BOB44687WB_1",3,"CIVRVAGDDKIIF","Celiac disease","DQ2.5-glia-?2","CD4"
"119",22075,2,"CVVAVRARLMF","BOB4447WB_1",3,"CVVAEARLMF","Yellow fever virus","YFV-LLW",NA
"120",22075,2,"CVVAVRARLMF","BOB4447WB_1",3,"CAAAVRARLMF","M. tuberculosis",NA,"CD8"
"121",22075,2,"CVVAVRARLMF","BOB4447WB_1",3,"CVVNDRARLMF","M.Tuberculosis",NA,"CD4"
"3",16841,2,"CAAGLSGCSTLTF","BOB26234WB_2",2,"CAALSGYSTLTF","Influenza","Matrix protein (M1)","CD8"
"4",16841,2,"CAAGLSGCSTLTF","BOB26234WB_2",2,"CAALSGYSTLTF","Neoantigen","FNDC3B-VVL-L3M",NA
"66",24429,2,"CAVIGRGKLTF","BOB44687WB_1",2,"CAVIGEGGKLTF","Influenza","Matrix protein (M1)","CD8"
"67",24429,2,"CAVIGRGKLTF","BOB44687WB_1",2,"CAVIGSGKLIF","Yellow fever virus","YFV-LLW",NA
"68",24429,2,"CAVIGRGKLTF","BOB44687WB_1",2,"CAVNGGGKLTF","Melanoma","Melan-A/MART-1",NA
"101",11976,2,"CAVYRYTGKLIF","BOB22646WB_1",2,"CAYRGYTGKLIF","Neoantigen","GALC-YVV-V3L",NA
"103",912,2,"CAYRSYNNNNDMRF","BOB33328WB_1",2,"CAYRSFNNNDMRF","Neoantigen","TBX3-GMG",NA
"104",912,2,"CAYRSYNNNNDMRF","BOB33328WB_1",2,"CAYLSYNNNDMRF","M.Tuberculosis",NA,"CD4"
"105",912,2,"CAYRSYNNNNDMRF","BOB33328WB_1",2,"CAYLSYNNNDMRF","M.Tuberculosis",NA,"CD4"
"110",22075,2,"CGAAVRARLMF","BOB26234WB_2",2,"CAAAVRARLMF","M. tuberculosis",NA,"CD8"
"126",1462,2,"CVVSARLFGNQFYF","BOB22646WB_1",2,"CVVSARNTGNQFYF","Cytomegalovirus (CMV)","pp65","CD8"
"1",14578,2,"CAADTGRRVLTF","BOB20722WB_2",1,"CAARTGRRALTF","M.Tuberculosis",NA,"CD4"
"2",14578,2,"CAADTGRRVLTF","BOB20722WB_2",1,"CAPDTGRRALTF","M.Tuberculosis",NA,"CD4"
"5",20122,2,"CAAKGAGSYLLTF","BOB20722WB_2",1,"CAAPGAGSYQLTF","Cytomegalovirus (CMV)","pp65","CD8"
"6",20122,2,"CAAKGAGSYLLTF","BOB20722WB_2",1,"CAVKGAGSYQLTF","Cytomegalovirus (CMV)","pp65","CD8"
"7",20122,2,"CAAKGAGSYLLTF","BOB20722WB_2",1,"CAMKGAGSYQLTF","Neoantigen","TEAD1-SVL-L9F",NA
"8",20122,2,"CAAKGAGSYLLTF","BOB20722WB_2",1,"CAASGAGSYQLTF","M.Tuberculosis",NA,"CD4"
"9",20122,2,"CAAKGAGSYLLTF","BOB20722WB_2",1,"CAAGAGSYQLTF","M.Tuberculosis",NA,"CD4"
"10",3274,2,"CAAPLWDSSYKLIF","BOB22394WB_2",1,"CAFPLDSSYKLIF","Cytomegalovirus (CMV)","pp65","CD8"
"11",3274,2,"CAAPLWDSSYKLIF","BOB22394WB_2",1,"CASPLDSSYKLIF","Cytomegalovirus (CMV)","pp65","CD8"
"12",3274,2,"CAAPLWDSSYKLIF","BOB22394WB_2",1,"CAAPPDSSYKLIF","Neoantigen","SLC1A2-YMS-S3P",NA
"13",3330,2,"CAARSSGGSYTPTF","BOB22394WB_2",1,"CAARTSGGSYIPTF","M.Tuberculosis",NA,"CD4"
"29",3693,2,"CAASLSGSARLLTF","BOB22646WB_1",1,"CAASTSGSARQLTF","M.Tuberculosis",NA,"CD4"
"30",3693,2,"CAASLSGSARLLTF","BOB22646WB_1",1,"CAASKSGSARQLTF","M.Tuberculosis",NA,"CD4"
"31",3693,2,"CAASLSGSARLLTF","BOB22646WB_1",1,"CASLSGSARQLTF","Toxic epidermal necrolysis",NA,"CD8"
"32",22384,2,"CAEIPAARLMF","BOB15676_3",1,"CAEIHARLMF","Epstein Barr virus (EBV)","BMLF-1","CD8"
"34",24429,2,"CAGVGRGKLQF","BOB18193_2",1,"CAGVRWGKLQF","M.Tuberculosis",NA,"CD4"
"35",24145,2,"CAGVKSNMLTF","BOB15676_3",1,"CAVPSNMLTF","M.Tuberculosis",NA,"CD4"
"37",3939,2,"CALKYPGSSYKLIF","BOB22646WB_1",1,"CALKQGSSYKLIF","M.Tuberculosis",NA,"CD4"
"38",14578,2,"CALNTGRRVLTF","BOB13000_5",1,"CALTNTGRRALTF","Neoantigen","ZDHHC7-SLL",NA
"39",14578,2,"CALNTGRRVLTF","BOB13000_5",1,"CALLTGRRALTF","M.Tuberculosis",NA,"CD4"
"40",14578,2,"CALNTGRRVLTF","BOB13000_5",1,"CALLTGRRALTF","M.Tuberculosis",NA,"CD4"
"41",1325,2,"CAMREDWGNTPLVF","BOB26234WB_2",1,"CAMREGPGNTPLVF","Neoantigen","ITIH6-RLG-G3V",NA
"42",1325,2,"CAMREDWGNTPLVF","BOB26234WB_2",1,"CAMREGPGNTPLVF","M.Tuberculosis",NA,"CD4"
"43",1325,2,"CAMREEWGNTPLVF","BOB22646WB_1",1,"CAMRERESGNTPLVF","Diabetes Type 1",NA,"CD4"
"44",1325,2,"CAMREEWGNTPLVF","BOB22646WB_1",1,"CAMREGPGNTPLVF","Neoantigen","ITIH6-RLG-G3V",NA
"45",1325,2,"CAMREEWGNTPLVF","BOB22646WB_1",1,"CAMREGPGNTPLVF","M.Tuberculosis",NA,"CD4"
"46",23782,2,"CAMSNAGNSTF","BOB21170WB_1",1,"CAVSNAGKSTF","Influenza","Matrix protein (M1)","CD8"
"47",13890,2,"CAMSPTGNQSYF","BOB13000_5",1,"CASPTGNQFYF","Cytomegalovirus (CMV)","pp65","CD8"
"48",13890,2,"CAMSPTGNQSYF","BOB13000_5",1,"CAMSVTGNQFYF","M.Tuberculosis",NA,"CD4"
"49",33378,2,"CASYGTKLVF","BOB13000_5",1,"CAASYGNKLVF","Diabetes Type 1",NA,"CD4"
"52",4404,2,"CAVGDLYNDYKLSL","BOB20722WB_2",1,"CAVGDLSNDYKLSF","M. tuberculosis",NA,"CD8"
"53",4404,2,"CAVGDLYNDYKLSL","BOB20722WB_2",1,"CAVGDLSNDYKLSF","M. tuberculosis",NA,"CD8"
"69",24145,2,"CAVIRSNMLTF","BOB44687WB_1",1,"CAIRGNMLTF","M. tuberculosis",NA,"CD8"
"70",24145,2,"CAVIRSNMLTF","BOB44687WB_1",1,"CAVPSNMLTF","M.Tuberculosis",NA,"CD4"
"71",345,2,"CAVKGGGSQGNPIF","BOB20722WB_2",1,"CAVTGGGSQGNLIF","Influenza","Matrix protein (M1)","CD8"
"72",345,2,"CAVKGGGSQGNPIF","BOB20722WB_2",1,"CAVTGGGSQGNLIF","Influenza","Matrix protein (M1)","CD8"
"73",345,2,"CAVKGGGSQGNPIF","BOB20722WB_2",1,"CAVKGGSQGNLIF","Neoantigen","ITIH6-RLG-G3V",NA
"74",345,2,"CAVKGGGSQGNPIF","BOB20722WB_2",1,"CAVGGGSQGNLIF","Neoantigen","PGM5-H5Y",NA
"75",345,2,"CAVKGGGSQGNPIF","BOB20722WB_2",1,"CAVGGGSQGNLIF","Melanoma","Melan-A/MART-1",NA
"76",345,2,"CAVKGGGSQGNPIF","BOB20722WB_2",1,"CAVQGGGSQGNLIF","Melanoma","Melan-A/MART-1",NA
"77",345,2,"CAVKGGGSQGNPIF","BOB20722WB_2",1,"CAVKEGGSQGNLIF","M.Tuberculosis",NA,"CD4"
"78",27913,2,"CAVRDERRGGADGLTF","BOB20029_2",1,"CAVSDNRRGGADGLTF","M.Tuberculosis",NA,"CD4"
"79",27913,2,"CAVRDERRGGADGLTF","BOB20029_2",1,"CAVSDNRRGGADGLTF","M.Tuberculosis",NA,"CD4"
"80",27913,2,"CAVRDERRGGADGLTF","BOB20722WB_2",1,"CAVSDNRRGGADGLTF","M.Tuberculosis",NA,"CD4"
"81",27913,2,"CAVRDERRGGADGLTF","BOB20722WB_2",1,"CAVSDNRRGGADGLTF","M.Tuberculosis",NA,"CD4"
"82",3939,2,"CAVSYPGSSYKLTF","BOB22394WB_2",1,"CAVSPGSNYKLTF","M.Tuberculosis",NA,"CD4"
"83",23782,2,"CAVTNAGNSTF","BOB26234WB_2",1,"CAVNAGKSTF","Yellow fever virus","YFV-17D","CD8"
"84",23782,2,"CAVTNAGNSTF","BOB26234WB_2",1,"CAVSNAGKSTF","Influenza","Matrix protein (M1)","CD8"
"85",23782,2,"CAVTNAGNSTF","BOB26234WB_2",1,"CAVNTNAGKSTF","Influenza","Matrix protein (M1)","CD8"
"86",23782,2,"CAVTNAGNSTF","BOB26234WB_2",1,"CAVNTNAGKSTF","M.Tuberculosis",NA,"CD4"
"87",23782,2,"CAVTNAGNSTF","BOB26234WB_2",1,"CAVNTNAGKSTF","M.Tuberculosis",NA,"CD4"
"88",23782,2,"CAVTNAGNSTF","BOB26234WB_2",1,"CAVNTNAGKSTF","M.Tuberculosis",NA,"CD4"
"89",23782,2,"CAVTNAGNSTF","BOB26234WB_2",1,"CAVFTNAGKSTF","M.Tuberculosis",NA,"CD4"
"90",23782,2,"CAVTNAGNSTF","BOB26234WB_2",1,"CAVGTNAGKSTF","M.Tuberculosis",NA,"CD4"
"91",33378,2,"CAVYGTKLVF","BOB22394WB_2",1,"CAVSGNKLVF","Yellow fever virus","YFV-17D","CD8"
"92",33378,2,"CAVYGTKLVF","BOB22394WB_2",1,"CAVPYGNKLVF","Influenza","Matrix protein (M1)","CD8"
"93",33378,2,"CAVYGTKLVF","BOB22394WB_2",1,"CAVFYGNKLVF","Cytomegalovirus (CMV)","pp65",NA
"94",33378,2,"CAVYGTKLVF","BOB22394WB_2",1,"CAVFYGNKLVF","Cytomegalovirus (CMV)","pp65",NA
"95",33378,2,"CAVYGTKLVF","BOB22394WB_2",1,"CAVFYGNKLVF","Cytomegalovirus (CMV)","pp65",NA
"96",33378,2,"CAVYGTKLVF","BOB22394WB_2",1,"CAVFYGNKLVF","Cytomegalovirus (CMV)","pp65",NA
"97",33378,2,"CAVYGTKLVF","BOB22394WB_2",1,"CAVFYGNKLVF","Cytomegalovirus (CMV)","pp65",NA
"98",33378,2,"CAVYGTKLVF","BOB22394WB_2",1,"CAVFYGNKLVF","Cytomegalovirus (CMV)","pp65",NA
"99",33378,2,"CAVYGTKLVF","BOB22394WB_2",1,"CAVGGNKLVF","M.Tuberculosis",NA,"CD4"
"100",33378,2,"CAVYGTKLVF","BOB22394WB_2",1,"CAVVGNKLVF","M.Tuberculosis",NA,"CD4"
"102",912,2,"CAYRSHNNNNDMRF","BOB20029_2",1,"CAYRSFNNNDMRF","Neoantigen","TBX3-GMG",NA
"106",20122,2,"CAYSGAGSYLLTF","BOB13000_5",1,"CAVYSGAGSYQLTF","Neoantigen","HAUS3-ILN-T7A",NA
"107",20122,2,"CAYSGAGSYLLTF","BOB13000_5",1,"CAVSGAGSYQLTF","Hepatitis C virus (HCV)","HCV-KLV",NA
"108",20122,2,"CAYSGAGSYLLTF","BOB13000_5",1,"CAASGAGSYQLTF","M.Tuberculosis",NA,"CD4"
"109",20122,2,"CAYSGAGSYLLTF","BOB13000_5",1,"CAGSGAGSYQLTF","Epstein Barr virus (EBV)","LMP2A",NA
"112",16808,2,"CIVRVAVHDKIIF","BOB26234WB_2",1,"CIVRVAGDDKIIF","Celiac disease","DQ2.5-glia-?2","CD4"
"117",3693,2,"CLVGLSGSARLLTF","BOB26234WB_2",1,"CLVALSGSARQLTF","M.Tuberculosis",NA,"CD4"
"118",3693,2,"CLVGLSGSARLLTF","BOB26234WB_2",1,"CLVGGSGSARQLTF","M.Tuberculosis",NA,"CD4"
"122",33200,2,"CVVNGGTLTF","BOB15676_3",1,"CVVRGGKLTF","M.Tuberculosis",NA,"CD4"
"123",33200,2,"CVVNGGTLTF","BOB15676_3",1,"CVVRGGKLTF","M.Tuberculosis",NA,"CD4"
"124",33200,2,"CVVNGGTLTF","BOB21170WB_1",1,"CVVRGGKLTF","M.Tuberculosis",NA,"CD4"
"125",33200,2,"CVVNGGTLTF","BOB21170WB_1",1,"CVVRGGKLTF","M.Tuberculosis",NA,"CD4"
